TEAM_ID,TEAM_NAME,GP,W,L,W_PCT,MIN,FGM,FGA,FG_PCT,FG3M,FG3A,FG3_PCT,FTM,FTA,FT_PCT,OREB,DREB,REB,AST,TOV,STL,BLK,BLKA,PF,PFD,PTS,PLUS_MINUS,GP_RANK,W_RANK,L_RANK,W_PCT_RANK,MIN_RANK,FGM_RANK,FGA_RANK,FG_PCT_RANK,FG3M_RANK,FG3A_RANK,FG3_PCT_RANK,FTM_RANK,FTA_RANK,FT_PCT_RANK,OREB_RANK,DREB_RANK,REB_RANK,AST_RANK,TOV_RANK,STL_RANK,BLK_RANK,BLKA_RANK,PF_RANK,PFD_RANK,PTS_RANK,PLUS_MINUS_RANK
1610612738,Boston Celtics,17,10,7,0.588,831.0,656,1444,0.454,211,619,0.341,336,412,0.816,149,620,769,385,237.0,114,82,81,379,374,1859,85.0,4,3,13,4,4,4,4,9,4,3,13,3,3,4,4,3,4,4,13,4,2,15,13,4,4,2
1610612751,Brooklyn Nets,4,0,4,0.0,192.0,145,365,0.397,62,184,0.337,71,98,0.724,37,140,177,103,58.0,20,18,22,85,90,423,-82.0,14,14,1,14,14,15,14,15,13,13,14,15,15,14,14,14,15,13,2,15,13,4,1,15,14,16
1610612742,Dallas Mavericks,6,2,4,0.333,293.0,253,535,0.473,81,225,0.36,115,159,0.723,46,213,259,129,76.0,39,22,20,135,147,702,-58.0,11,11,1,11,11,11,11,4,11,11,9,11,11,16,13,11,11,10,5,10,10,3,8,11,11,15
1610612743,Denver Nuggets,19,9,10,0.474,917.0,738,1568,0.471,233,615,0.379,332,407,0.816,176,596,772,428,265.0,117,76,76,426,419,2041,-43.0,3,4,16,7,3,3,3,5,3,4,3,4,4,3,2,4,3,3,14,3,4,14,15,3,3,10
1610612745,Houston Rockets,12,5,7,0.417,581.0,449,1029,0.436,203,561,0.362,191,242,0.789,80,386,466,256,161.0,109,42,59,266,223,1292,9.0,6,7,13,10,6,6,6,11,5,5,8,6,7,8,8,7,8,7,11,5,7,12,11,6,6,8
1610612754,Indiana Pacers,4,0,4,0.0,192.0,146,321,0.455,48,128,0.375,63,81,0.778,23,123,146,90,61.0,37,22,17,93,63,403,-42.0,14,14,1,14,14,14,16,8,15,15,5,16,16,9,16,16,16,14,3,11,10,1,3,16,15,9
1610612746,LA Clippers,13,7,6,0.538,629.0,532,1123,0.474,157,427,0.368,261,327,0.798,123,449,572,275,169.0,97,48,53,298,290,1482,55.0,5,5,12,5,5,5,5,3,7,7,6,5,5,6,5,5,5,5,12,6,6,10,12,5,5,3
1610612747,Los Angeles Lakers,21,16,5,0.762,1008.0,862,1764,0.489,254,718,0.354,391,516,0.758,222,704,926,538,323.0,169,112,65,476,471,2369,144.0,1,1,10,1,2,1,1,1,2,2,12,2,2,13,1,2,1,1,16,1,1,13,16,2,1,1
1610612748,Miami Heat,21,14,7,0.667,1018.0,792,1723,0.46,268,746,0.359,458,555,0.825,163,705,868,523,277.0,145,81,94,417,475,2310,42.0,1,2,13,2,1,2,2,7,1,1,10,1,1,2,3,1,2,2,15,2,3,16,14,1,2,5
1610612749,Milwaukee Bucks,10,5,5,0.5,485.0,401,871,0.46,133,371,0.358,176,243,0.724,94,373,467,243,149.0,72,42,36,217,212,1111,12.0,8,7,10,6,8,8,8,6,8,8,11,8,6,15,6,8,7,8,10,8,7,9,9,8,8,7
1610612760,Oklahoma City Thunder,7,3,4,0.429,341.0,257,598,0.43,84,256,0.328,130,168,0.774,63,286,349,125,119.0,37,28,27,120,161,728,-45.0,9,9,1,8,9,10,9,12,10,10,15,9,9,11,10,9,9,11,8,11,9,6,5,9,10,11
1610612753,Orlando Magic,5,1,4,0.2,240.0,186,443,0.42,75,199,0.377,88,105,0.838,33,182,215,119,73.0,34,16,19,105,103,535,-46.0,12,12,1,12,12,13,12,14,12,12,4,14,14,1,15,12,12,12,4,14,16,2,4,13,12,12
1610612755,Philadelphia 76ers,4,0,4,0.0,192.0,133,336,0.396,32,121,0.264,104,128,0.813,49,135,184,70,48.0,20,18,22,89,97,402,-47.0,14,14,1,14,14,16,15,16,16,16,16,12,12,5,11,15,14,16,1,15,13,4,2,14,16,13
1610612757,Portland Trail Blazers,5,1,4,0.2,240.0,188,441,0.426,58,153,0.379,99,125,0.792,49,165,214,89,80.0,37,18,29,125,114,533,-53.0,12,12,1,12,12,12,13,13,14,14,2,13,13,7,11,13,13,15,6,11,13,7,6,12,13,14
1610612761,Toronto Raptors,11,7,4,0.636,538.0,430,973,0.442,161,443,0.363,182,234,0.778,90,401,491,273,144.0,78,60,55,247,223,1203,45.0,7,5,1,3,7,7,7,10,6,6,7,7,8,9,7,6,6,6,9,7,5,11,10,6,7,4
1610612762,Utah Jazz,7,3,4,0.429,341.0,279,573,0.487,110,261,0.421,126,163,0.773,65,223,288,150,84.0,43,22,32,133,149,794,24.0,9,9,1,8,9,9,10,2,9,9,1,10,10,12,9,10,10,9,7,9,10,8,7,10,9,6
